項次,名稱,最高補助金額,最低使用年限,評估類別,評估地點,備註,核可ICF
1,推車-一般型,6500,3,甲類,醫院或輔具中心,,"第七類：
【b710a】、【b710b】、【b730a】、【b730b】、【b735】、
【b765】、【s730】、【s750】、【s760】或【05】重度以上。(重度以上肢體障礙者)
(二)12歲以下動作發展障礙兒童(如腦性麻痺患者)。"
2,推車-荷重型,12000,3,甲類,醫院或輔具中心,,"第七類：
【b710a】、【b710b】、【b730a】、【b730b】、【b735】、
【b765】、【s730】、【s750】、【s760】或【05】重度以上。(重度以上肢體障礙者)
(二)12歲以下動作發展障礙兒童(如腦性麻痺患者)。"
3,推車-擺位型,28000,3,甲類,醫院或輔具中心,,"第七類：
【b710a】、【b710b】、【b730a】、【b730b】、【b735】、
【b765】、【s730】、【s750】、【s760】或【05】重度以上。(重度以上肢體障礙者)
(二)12歲以下動作發展障礙兒童(如腦性麻痺患者)。"
4,輪椅-非輕量化量產型,3500,3,不需評估,免評,,
5,輪椅-輕量化量產型,4000,3,不需評估,免評,,
6,輪椅-客製型,9000,3,甲類,僅限輔具中心,,
7,輪椅附加功能-具利於移位功能,5000,3,甲類,醫院或輔具中心,,
8,輪椅附加功能-具仰躺功能,2000,3,甲類,醫院或輔具中心,,
9,輪椅附加功能-具空中傾倒功能,4000,3,甲類,醫院或輔具中心,,
10,高活動型輪椅-基礎型,30000,4,甲類,僅限輔具中心,,"( 一) 第七類：
【b710b】、【b730b】、
【b735】、【b765】、【s750】或【05】下肢重度以上。(下肢重度以上肢體障礙者)
(二)具自力推行能力者。"
11,高活動型輪椅-進階型,60000,5,甲類,僅限輔具中心,,
12,手推圈啟動型動力輔助輪椅,50000,5,甲類,僅限輔具中心,,"( 一) 第七類：
【b710b】、【b730b】、【b735】、【b765】、【s750】或【05】下肢重度以上。(下肢重度以上肢體障礙者)
(二)具自力推行能力者。"
13,輪椅配件-後推式動力套件 (項次 13),8000,5,甲類,僅限輔具中心,,
14,電動輪椅-基礎型,50000,5,甲類,僅限輔具中心,,"(一)第七類：【b710a】、【b710b】、【b730a】、【b730b】、【b735】、【b765】、【s730】、【s750】、【s760】或【05】重度以上(重度以上肢體障礙者)，且具自行駕駛電動輪椅之能力。
"
15,電動輪椅-進階型,60000,5,甲類,僅限輔具中心,,"(一)第七類：【b710a】、【b710b】、【b730a】、【b730b】、【b735】、【b765】、【s730】、【s750】、【s760】或【05】重度以上(重度以上肢體障礙者)，且具自行駕駛電動輪椅之能力。
"
16,電動輪椅配件-沙發型座椅,5000,5,甲類,僅限輔具中心,16.17擇一申請，若申請16則不可配合26-29,(一) 第七類：【b710a】、【b710b】、【b730a】、【b730b】、【b735】、【b765】、【s730】、【s750】、【s760】或【05】重度以上(重度以上肢體障礙者)，且具自行駕駛電動輪椅之能力。
17,電動輪椅配件-擺位型椅架,15000,5,甲類,僅限輔具中心,,(一) 第七類：【b710a】、【b710b】、【b730a】、【b730b】、【b735】、【b765】、【s730】、【s750】、【s760】或【05】重度以上(重度以上肢體障礙者)，且具自行駕駛電動輪椅之能力。
18,電動輪椅配件-電動變換姿勢功能,10000,5,甲類,僅限輔具中心,最多補助兩項功能，最高補助金額依基準2倍計算,(一) 第七類：【b710a】、【b710b】、【b730a】、【b730b】、【b735】、【b765】、【s730】、【s750】、【s760】或【05】重度以上(重度以上肢體障礙者)，且具自行駕駛電動輪椅之能力。
19,電動輪椅配件-特殊規格控制器,35000,5,甲類,僅限輔具中心,,"(一) 第七類：【b710a】、【b710b】、【b730a】、【b730b】、【b735】、【b765】、【s730】、【s750】、【s760】或【05】重度以上(重度以上肢體障礙者)，且具自行駕駛電動輪椅之能力。
(二)申請電動輪椅配件-特殊規格控制器(項次19)，限四肢嚴重癱瘓或精細運動控制不良之重度肢體障礙者。"
20,電動輪椅配件-新車內建鋰系電池,6000,5,甲類,僅限輔具中心,,(一) 第七類：【b710a】、【b710b】、【b730a】、【b730b】、【b735】、【b765】、【s730】、【s750】、【s760】或【05】重度以上(重度以上肢體障礙者)，且具自行駕駛電動輪椅之能力。
21,電動輪椅配件-控制器操作位置調整,5000,5,甲類,僅限輔具中心,,(一) 第七類：【b710a】、【b710b】、【b730a】、【b730b】、【b735】、【b765】、【s730】、【s750】、【s760】或【05】重度以上(重度以上肢體障礙者)，且具自行駕駛電動輪椅之能力。
22,電動輪椅或電動代步車電池(非鋰系)-50安培小時以上,5000,2,不需評估,免評,,補助對象：符合本辦法申請電動輪椅或電動代步車資格者。
23,電動輪椅或電動代步車電池(非鋰系)-50安培小時以下,3000,2,不需評估,免評,,補助對象：符合本辦法申請電動輪椅或電動代步車資格者。
24,電動輪椅或電動代步車電池(鋰系)-20安培小時或480瓦特小時以上,12000,4,不需評估,免評,,補助對象：符合本辦法申請電動輪椅或電動代步車資格者。
25,電動輪椅或電動代步車電池(鋰系)-20安培小時或480瓦特小時以下,8000,4,不需評估,免評,,補助對象：符合本辦法申請電動輪椅或電動代步車資格者。
26,擺位系統-平面型輪椅背靠,1000,3,甲類,僅限輔具中心,,"補助對象：輪椅或電動輪椅使用
者，且應符合下列條件之一：
(一)第一類：【b110.4】、【09】。(植物人)
(二)第七類：【b710a】、【b710b】、【b730a】、【b730b】、【b735】、【b765】、【s730】、【s750】、【s760】或【05】重度以上。(重度以上肢體障礙者)"
27,擺位系統-曲面適形輪椅背靠,13000,3,甲類,僅限輔具中心,,"補助對象：輪椅或電動輪椅使用
者，且應符合下列條件之一：
(一)第一類：【b110.4】、【09】。(植物人)
(二)第七類：【b710a】、【b710b】、【b730a】、【b730b】、【b735】、【b765】、【s730】、【s750】、【s760】或【05】重度以上。(重度以上肢體障礙者)"
28,擺位系統-輪椅擺位架,1500,3,甲類,僅限輔具中心,,"補助對象：輪椅或電動輪椅使用
者，且應符合下列條件之一：
(一)第一類：【b110.4】、【09】。(植物人)
(二)第七類：【b710a】、【b710b】、【b730a】、【b730b】、【b735】、【b765】、【s730】、【s750】、【s760】或【05】重度以上。(重度以上肢體障礙者)"
29,擺位系統-輪椅頭靠系統,2500,3,甲類,僅限輔具中心,,"補助對象：輪椅或電動輪椅使用
者，且應符合下列條件之一：
(一)第一類：【b110.4】、【09】。(植物人)
(二)第七類：【b710a】、【b710b】、【b730a】、【b730b】、【b735】、【b765】、【s730】、【s750】、【s760】或【05】重度以上。(重度以上肢體障礙者)"
30,電動代步車,25000,5,甲類,僅限輔具中心,,"補助對象：應具自行駕駛電動代步車之能力且符合下列條件之一：
(一) 第四類：【b410】、【b415】、【b430】或【07】重度以上；
第四類：【b440】、【s430】或【07】重度以上；
第五類：【b510】、【s530】、【s540】、【s560】或【07】重度以上；
第六類：【b610】、【b620】、【s610】或【07】重度以上。(重度以上重要器官失去功能者)
(二) 第七類：【b710a】、【b710b】、【b730a】、【b730b】、【b735】、【b765】、【s730】、【s750】、【s760】或【05】重度以上。(重度以上肢體障礙者)"
31,行動輔具附加功能-完成搭配機動車輛使用之衝擊測試,3000,不適用,不適用,不適用,,"補助對象：應為推車、輪椅、高
活動型輪椅、手推圈啟動型動力輔助輪椅、電動輪椅或電動代步車之使用者。"
32,特製機車-加裝輔助後輪特製車,65000,6,不需評估,免評,,"(一)第二類：【b235】或【03】。(平衡機能障礙者)
(二)第七類：【b710a】、【b710b】、【b730a】、【b730b】、【b735】、【b765】、【s730】、【s750】、【s760】或【05】。(肢體障礙者)"
33,特製機車-加裝差速器套件及輔助後輪特製車,78000,6,不需評估,免評,,"(一)第二類：【b235】或【03】。(平衡機能障礙者)
(二)第七類：【b710a】、【b710b】、【b730a】、【b730b】、【b735】、【b765】、【s730】、【s750】、【s760】或【05】。(肢體障礙者)"
34,特製機車-改裝輪椅直上式特製車,80000,6,不需評估,免評,,"(一)第二類：【b235】或【03】。(平衡機能障礙者)
(二)第七類：【b710a】、【b710b】、【b730a】、【b730b】、【b735】、【b765】、【s730】、【s750】、【s760】或【05】。(肢體障礙者)"
35,三輪機車,65000,6,不需評估,免評,,"(一)第二類：【b235】或【03】。(平衡機能障礙者)
(二)第七類：【b710a】、【b710b】、【b730a】、【b730b】、【b735】、【b765】、【s730】、【s750】、【s760】或【05】。(肢體障礙者)"
36,機車改裝-裝設輔助後輪,15000,6,不需評估,免評,,"(一)第二類：【b235】或【03】。(平衡機能障礙者)
(二)第七類：【b710a】、【b710b】、【b730a】、【b730b】、【b735】、【b765】、【s730】、【s750】、【s760】或【05】。(肢體障礙者)"
37,機車改裝-裝設差速器套件及輔助後輪,28000,6,不需評估,免評,,"(一)第二類：【b235】或【03】。(平衡機能障礙者)
(二)第七類：【b710a】、【b710b】、【b730a】、【b730b】、【b735】、【b765】、【s730】、【s750】、【s760】或【05】。(肢體障礙者)"
38,機車改裝-裝設輪椅直上裝置,30000,6,不需評估,免評,,"(一)第二類：【b235】或【03】。(平衡機能障礙者)
(二)第七類：【b710a】、【b710b】、【b730a】、【b730b】、【b735】、【b765】、【s730】、【s750】、【s760】或【05】。(肢體障礙者)"
39,機車改裝-油門或煞車改裝,6000,6,不需評估,免評,,"(一)第二類：【b235】或【03】。(平衡機能障礙者)
(二)第七類：【b710a】、【b710b】、【b730a】、【b730b】、【b735】、【b765】、【s730】、【s750】、【s760】或【05】。(肢體障礙者)"
40,特製機車改裝-裝設倒退輔助器,8000,6,不需評估,免評,,"(一)第二類：【b235】或【03】。(平衡機能障礙者)
(二)第七類：【b710a】、【b710b】、【b730a】、【b730b】、【b735】、【b765】、【s730】、【s750】、【s760】或【05】。(肢體障礙者)"
41,汽車改裝-油門或煞車連桿,15000,6,不需評估,免評,,"(一)第二類：【b235】或【03】。(平衡機能障礙者)
(二)第七類：【b710a】、【b710b】、【b730a】、【b730b】、【b735】、【b765】、【s730】、【s750】、【s760】或【05】。(肢體障礙者)"
42,單支拐杖-量產型,500,3,不需評估,免評,,
43,單支拐杖-客製型,1500,5,甲類,醫院或輔具中心,,
44,助行器-一般型,800,3,不需評估,免評,,
45,助行器-輪管型或助起型(R型),1200,3,不需評估,免評,,
46,帶輪型助步車(助行椅),3000,3,甲類,醫院或輔具中心,,
47,姿勢控制型助行器,8000,3,甲類,醫院或輔具中心,,
48,軀幹支撐型步態訓練器,18000,3,甲類,醫院或輔具中心,,
49,移位腰帶,1500,3,甲、丁類,僅限輔具中心,,
50,移位轉盤,2000,3,甲、丁類,僅限輔具中心,,
51,移位板,2000,3,甲、丁類,僅限輔具中心,,
52,人力移位吊帶,4000,3,甲、丁類,僅限輔具中心,,
53,移位滑布,1000,5,甲、丁類,僅限輔具中心,,
54,躺式移位滑墊,6000,5,甲、丁類,僅限輔具中心,,
55,移位機-人力型,30000,10,甲、丁類,僅限輔具中心,,
56,移位機-電動型,60000,10,甲、丁類,僅限輔具中心,,
57,移位機吊帶,6000,3,不需評估,免評,,
58,視障用白手杖或杖頭,700,2,不需評估,免評,,補助對象：第二類：【b210】、【s220】或【01】。(視覺障礙者)
59,收錄音機或隨身聽,1000,3,不需評估,免評,,補助對象：第二類：【b210】、【s220】或【01】。(視覺障礙者)
60,聽書機,3500,5,不需評估,免評,,補助對象：第二類：【b210】、【s220】或【01】。(視覺障礙者)
61,視障用點字手錶,3000,3,不需評估,免評,,補助對象：第二類：【b210】、【s220】或【01】。(視覺障礙者)
62,視障用語音報時器,300,3,不需評估,免評,,補助對象：第二類：【b210】、【s220】或【01】。(視覺障礙者)
63,特製眼鏡(含特製隱形眼鏡),6000,3,戊類,僅限輔具中心,"需診斷證明書並載明本項輔具需求&屈光矯正之數據，
針對屈光矯正、斜視矯正、放大、遠用及近用、延伸視野、防眩光、增強對比、色覺改善等功能需另製、加工、修改或染色者",第二類：【b210】、【s220】或【01】。(視覺障礙者)
64,角膜疾病類隱形眼鏡,10000,3,依醫師診斷,依醫師診斷,"需診斷證明書並載明本項輔具需求，
限具眼科醫師診斷之角膜疾病(如圓錐角膜、邊緣性角膜、暴露性角膜炎等)、意外傷害(如角膜化學灼傷)","(一)第二類：【b210】、【s220】或【01】。(視覺障礙者)
(二)申請角膜疾病類隱形眼鏡(項次64)，限具眼科醫師診斷之角膜疾病(如圓錐角膜、邊緣性角膜、暴露性角膜炎等)、意外傷害(如角膜化學灼傷等)。"
65,包覆式濾光眼鏡,4000,2,甲、丁、戊類,僅限輔具中心,"需診斷證明書並載明本項輔具需求，
限光覺勢力以上之視覺障礙者申請，鏡框於上緣及側緣均應有遮擋光線之包覆設計、有濾光效果、可阻隔藍光及紫外光","(一) 第二類：【b210】、【s220】或【01】。(視覺障礙者)
(二)申請包覆式濾光眼鏡(項次65)，限光覺視力以上之視覺障礙者。"
66,望遠鏡,3000,4,甲、丁、戊類,僅限輔具中心,"需診斷證明書並載明本項輔具需求，
同時載明倍率及口徑(或片徑)、放大倍率在2倍以上、300公克以下、最短對焦距離為100公分以下",(一) 第二類：【b210】、【s220】或【01】。(視覺障礙者)
67,放大鏡-低倍率,400,3,不需評估,免評,"鏡片規格必須同時載明倍率及屈光度、倍率2.5倍以上及屈光度10以上;
菲涅爾透鏡非屬本項補助(Fresnel Lens)",(一) 第二類：【b210】、【s220】或【01】。(視覺障礙者)
68,放大鏡-高倍率,2500,3,甲、丁、戊類,僅限輔具中心,"需診斷證明書並載明本項輔具需求;
菲涅爾透鏡非屬本項補助(Fresnel Lens)",(一) 第二類：【b210】、【s220】或【01】。(視覺障礙者)
69,點字板,1000,10,不需評估,免評,,(一) 第二類：【b210】、【s220】或【01】。(視覺障礙者)
70,點字機(打字機),32000,7,甲、丁、戊類,僅限輔具中心,具6點鍵，空白、倒退、換行，可調整邊界,(一) 第二類：【b210】、【s220】或【01】。(視覺障礙者)
71,點字觸摸顯示器-20方以下,50000,4,甲、丁、戊類,僅限輔具中心,14方以上、20方以下且8點顯示，可支援1種以上視窗版中文視障用螢幕報讀軟體，且總重量2公斤以下,"(一) 第二類：【b210】、【s220】或【01】。(視覺障礙者)
(二)5歲以上。
(三)具點字辨識能力。"
72,點字觸摸顯示器-20方以上,70000,4,甲、丁、戊類,僅限輔具中心,20方以上且8點顯示，可支援1種以上視窗版中英文視障用螢幕報讀軟體，且總重量2公斤以下,"(一) 第二類：【b210】、【s220】或【01】。(視覺障礙者)
(二)5歲以上。
(三)具點字辨識能力。"
73,可攜式擴視機,40000,4,甲、丁、戊類,僅限輔具中心,"無需於特定平台(桌面) 上裝載設備使用，並可隨時便利攜帶外出使用，且產品本身已具備螢幕及鏡頭等設備使用，應符合下列所有規範：
1.螢幕尺寸4.3英吋以上。
2.色彩模式3組(黑底白字、白底黑字、彩色模式)以上。
3.支援放大及縮小功能且放大倍率為6倍以上。
4.凍結或儲存畫面。","(一) 第二類：【b210】、【s220】或【01】。(視覺障礙者)
(二)申請者限指數視力(CF-15公分)以上者(依診斷證明書或輔具評估報告書認定)。"
74,桌上型擴視機,75000,6,甲、丁、戊類,僅限輔具中心,"需於平台(桌面)上裝載設備以供操作，應符合下列所有規範：
1.色彩模式5組(須含黑底白字、白底黑字、彩色模式)以上。
2.支援放大及縮小功能且放大倍率為40倍以上。
3.可自動對焦及可切換自動手動對焦。
4.具備書寫空間或閱讀平台距離鏡頭20公分以上。5.提供經評估所需其他功能配備(含亮度調整、對比調整、望遠、凍結或儲存、托盤、導引線或遮蔽視窗、定位指示、焦距鎖定、可旋轉鏡頭、一體成型且螢幕角度可調整、操作時語音提示功能、光學辨識將文字重新編排或語音輸出等)達任6項以上功能。
","(一) 第二類：【b210】、【s220】或【01】。(視覺障礙者)
(二)申請者限指數視力(CF-15公分)以上者(依診斷證明書或輔具評估報告書認定)。"
75,視障用螢幕報讀軟體,12000,4,甲、丁、戊類,僅限輔具中心,規格或功能規範：具備中英文語音報讀功能、支援圖形標記功能、完整支援office 系列軟體、具備閱讀PDF 檔案功能、可支援點字觸摸顯示器。,"(一) 第二類：【b210】、【s220】或【01】。(視覺障礙者)
(二)5歲以上。
(三)具電腦操作能力。"
76,視障用螢幕放大軟體,18000,4,甲、丁、戊類,僅限輔具中心,"規格或功能規範：應符合下列所有規範：
(一)至少6倍以上之螢幕放大功能。
(二)滑鼠指標及文字編輯游標具多種放大提示調整之選擇。
(三)螢幕顯示色相可作多模式切換，含高反差、對比色、十字導引、平滑字形等。
(四)放大顯示視窗可選擇分割視窗、全螢幕顯示或區塊顯示。","(一) 第二類：【b210】、【s220】或【01】。(視覺障礙者)
(二)5歲以上。
(三)限指數視力(CF-15公分)以上者(依診斷證明書或輔具評估報告書認定)。
(四)具電腦操作能力。"
77,語音手機-簡易型,2000,3,不需評估,免評,具各層選單之語音報讀、文字簡訊播報、開關機聲音或震動提示、語音播報通訊錄內容及來電號碼等功能。,第二類：【b210】、【s220】或【01】。(視覺障礙者)
78,語音手機-智慧型或平板,8000,3,甲、丁、戊類,僅限輔具中心,應含語音手機-簡易型(項次77)所有規格，且透過觸控螢幕方式執行手機所有功能；平板須具文字調整與放大功能、相機功能、語音報讀，且透過觸控螢幕方式執行所有功能。,"第二類：【b210】、【s220】或【01】。(視覺障礙者)
(二)申請語音手機-智慧型或平板(項次78)者具操作語音報讀的觸控螢幕之能力。"
79,傳真機,4000,3,不需評估,,,"(一)第一類：【b16700】、【b16710】、【b16701】、【b16711】或【04】；
第三類：【b310】、【b320】、【b330】或【04】。(語言機能障礙者)
(二) 第二類：【b230】、【s260】或【02】。(聽覺機能障礙者)"
80,行動手機-簡易型,2000,3,不需評估,,,"(一)第一類：【b16700】、【b16710】、【b16701】、【b16711】或【04】；
第三類：【b310】、【b320】、【b330】或【04】。(語言機能障礙者)
(二) 第二類：【b230】、【s260】或【02】。(聽覺機能障礙者)"
81,行動手機-具雙向即時影像傳輸功能型,8000,3,甲、乙、丙、丁類,,"申請行動手機-具雙向即時影像傳輸功能型(項次81)者應符合上述障別之一，且具讀唇辨讀或手語表達之能力，行動手機-具雙向即時影像傳輸功能型(項次81)於手機顯示幕同一面附有攝影鏡頭，並能雙向提供即時影像傳輸
功能。","(一)第一類：【b16700】、【b16710】、【b16701】、【b16711】或【04】；
第三類：【b310】、【b320】、【b330】或【04】。(語言機能障礙者)
(二) 第二類：【b230】、【s260】或【02】。(聽覺機能障礙者)
(三)申請行動手機-具雙向即時影像傳輸功能型(項次81)者應符合上述障別之一，且具讀唇辨讀或手語表達之能力。"
82,助聽器-簡易型,2000,4,丙類,,採類比方式或數位方式處理聲音訊號之助聽器。,"(一) 第二類：【b230】、【s260】或【02】。(聽覺機能障礙者)
(二) 第二類：【b210】、【s220】或【01】中度以上(中度以上視覺障礙者)，且聽力損失優耳大於40dBHL。"
83,助聽器-中階型,10000,4,丙類,,"採數位方式處理聲音訊號之助聽器，並符合下列所有規範：
1.具6個以上可單獨調整壓縮參數(壓縮閾值、壓縮比)之壓縮頻道，或採用同等效能之時域(timedomain)數位訊號處理技術。
2.多聆聽程式。
3. 具備至少1 種自適應噪音消除(adaptive noise reduction) 功能。
4.配戴時可自動消除迴饋音。","(一) 第二類：【b230】、【s260】或【02】。(聽覺機能障礙者)
(二) 第二類：【b210】、【s220】或【01】中度以上(中度以上視覺障礙者)，且聽力損失優耳大於40dBHL。"
84,助聽器-進階型,20000,4,丙類,,"應符合助聽器-中階型(項次83)所有規格並符合下列所有規範：
1.方(指)向性麥克風。
2.具相容於無線傳輸系統。","(一) 第二類：【b230】、【s260】或【02】。(聽覺機能障礙者)
(二) 第二類：【b210】、【s220】或【01】中度以上(中度以上視覺障礙者)，且聽力損失優耳大於40dBHL。"
85,助聽器-雙對側傳聲型,30000,4,丙類,,本項2只設備元件為1組，應可搭配操作。1只符合助聽器-進階型(項次84)規格或功能之助聽器配戴於優耳，及另1只為無線收音麥克風設備，配戴於劣耳耳部(含耳掛型、耳內型或耳罩型)。,"(一) 第二類：【b230】、【s260】或【02】。(聽覺機能障礙者)
(二) 第二類：【b210】、【s220】或【01】中度以上(中度以上視覺障礙者)，且聽力損失優耳大於40dBHL。"
86,電話擴音器,2000,5,不需評估,,電話之外接擴音器。,補助對象：第二類：【b230】、【s260】或【02】。(聽覺機能障礙者)
87,電話閃光震動器,2000,5,不需評估,,"屬於
使用電話之附件，包含來電信息之連接單元和信號轉換器，可搭配原有標準型網路電話或行動網路之電話使用，依來電訊號而以閃光或震動方式提供信號指示。",補助對象：第二類：【b230】、【s260】或【02】。(聽覺機能障礙者)
88,門鈴閃光器,2000,5,不需評估,,採用有線或無線訊號傳輸方式之視覺閃光信號指示器，可搭配原有門鈴系統裝設，或同時提供專屬門鈴開關裝置，可兼具聲音或震動信號指示功能。,補助對象：第二類：【b230】、【s260】或【02】。(聽覺機能障礙者)
89,無線震動警示器,2000,5,不需評估,,採用無線訊號傳輸方式之震動信號指示器，可兼具視覺或聲音信號指示功能，應包含專屬事件信號發送裝置如按鍵開關或聲音偵測器等。,補助對象：第二類：【b230】、【s260】或【02】。(聽覺機能障礙者)
90,火警閃光警示器,2000,5,不需評估,,採用有線或無線訊號傳輸方式之環境警示輔具，以閃光方式呈現火災警報，可兼具聲音或震動警示功能。,補助對象：第二類：【b230】、【s260】或【02】。(聽覺機能障礙者)
91,個人衛星定位器 (項次 91),9000,2,甲、丁類,,"規格或功能規範：應符合下列所有規範或功能之2年服務保用及產品保固：
(一)AGPS 之衛星定位。
(二)地點查詢服務。
(三)電池待機超過72小時。
(四)緊急求援功能。",
92,人工講話器-氣動式,2000,1,不需評估,,,補助對象：第三類：【b310】、【b320】、【b330】、【s320】、【s330】、【s340】或【04】。(聲音機能或語言機能障礙者)
93,人工講話器-電動式,20000,5,乙類,輔具中心評估,申請人工講話器-電動式(項次93)限經醫師開立註明全喉切除或嚴重呼吸發聲功能障礙，無法透過手術重建改善發聲功能之診斷證明書。,補助對象：第三類：【b310】、【b320】、【b330】、【s320】、【s330】、【s340】或【04】。(聲音機能或語言機能障礙者)
94,溝通輔具-無語音輸出之圖卡或設備,5000,4,乙類,,"本項屬無語音輸出之圖卡，應包括至少1,000個溝通符號；或無語音輸出之設備，應包括至少150個溝通符號(如縮小物或部分物品、彩色照片、圖片)及所需之操作硬體。
尚有其他規定，可參照基準表內容",
95,溝通輔具-低階固定版面型語音溝通器,7000,4,乙類,,"應包括至少200個溝通符號及所需之操作硬體，可依使用者需求自行設計溝通內容，並具重複錄音或記憶溝通訊息及放音功能。
尚有其他規定，可參照基準表內容",
96,溝通輔具-高階固定版面型語音溝通器,10000,4,乙類,,"應包括至少500個溝通符號及所需之操作硬體，可依使用者需求自行設計溝通內容，至少可錄製160句語音，並具重複錄音或記憶溝通訊息及放音功能。
尚有其他規定，可參照基準表內容",
97,溝通輔具-具掃描功能固定版面型語音溝通器,20000,4,乙類,,"應包括至少500個溝通符號及所需之操作硬體，除具重複錄音或記憶溝通訊息及放音功能外，另須提供至少1種掃描功能及外接的特殊開關。
尚有其他規定，可參照基準表內容",
98,溝通輔具-電腦使用語音溝通軟體,20000,4,乙類,,"可安裝於電腦，支援Windows 或Mac OS 系統，軟體應具重複錄放音及動態版面顯示功能，能提供情境溝通、語句溝通及文字溝通模式， 並提供至少1,000個溝通符號，供溝通版面設計之用，軟體須具掃描功能。
尚有其他規定，可參照基準表內容",
99,溝通輔具-平板使用語音溝通軟體,10000,4,乙類,,"可安裝於平板，軟體應具重複錄放音及動態版面顯示功能，能提供語句溝通及文字溝通模式，並提供至少1,000個溝通符號，供溝通版面設計之用，軟體須具掃描功能。
尚有其他規定，可參照基準表內容",
100,溝通輔具-動態版面型語音溝通器,20000,4,乙類,,"本項屬液晶觸控專用型語音溝通器(平板)，其軟體應具重複錄放音及動態版面顯示功能，能提供語句溝通及文字溝通模式，並提供至少1,000個溝通符號，供溝通版面設計之用，軟體須具掃描功能。
尚有其他規定，可參照基準表內容",
101,溝通或電腦輔具用特殊開關,3000,5,甲、乙、丁類,,,"( 一)第七類：【b710a】、【b710b】、【b730a】、【b730b】、【b735】、【b765】、【s730】、【s750】、【s760】或【05】。(肢體障礙者)
(二)溝通或電腦輔具使用者。"
102,電腦輔具用滑鼠鍵盤模擬器,3000,5,甲、乙、丁類,,,"(一)第七類：【b710a】、【b710b】、【b730a】、【b730b】、【b735】、【b765】、【s730】、【s750 】、【s760】或【05】。(肢體障礙者)
(二)無法操作一般滑鼠或鍵盤者。"
103,電腦輔具-替代性滑鼠或鍵盤介面,8000,5,甲、乙、丁類,,,"補助對象：應符合下列所有條件：
( 一)第七類：【b710a】、【b710b】、【b730a】、【b730b】、【b735】、【b765】、【s730】、【s750】、【s760】或【05】。(肢體障礙者)
(二)無法操作一般滑鼠或鍵盤者。"
104,電腦輔具-嘴控滑鼠,30000,5,甲、乙、丁類,,,(一)第七類：【b710a】、【b710b】、【b730a】、【b730b】、【b735】、【b765】、【s730】、【s750】、【s760】或【05】重度以上(重度以上肢體障礙者)，且因四肢癱瘓以致無法操作一般滑鼠功能者。
105,電腦輔具-紅外線貼片感應滑鼠,35000,5,甲、乙、丁類,,,(一)第七類：【b710a】、【b710b】、【b730a】、【b730b】、【b735】、【b765】、【s730】、【s750】、【s760】或【05】重度以上(重度以上肢體障礙者)，且因四肢癱瘓以致無法操作一般滑鼠功能者。
106,電腦輔具-陀螺儀動作感應滑鼠,35000,5,甲、乙、丁類,,,(一)第七類：【b710a】、【b710b】、【b730a】、【b730b】、【b735】、【b765】、【s730】、【s750】、【s760】或【05】重度以上(重度以上肢體障礙者)，且因四肢癱瘓以致無法操作一般滑鼠功能者。
107,電腦輔具-眼控滑鼠,70000,5,甲、乙、丁類,,,"(一)第七類：【b710a】、【b710b】、【b730a】、【b730b】、【b735】、【b765】、【s730】、【s750】、【s760】或【05】重度以上(重度以上肢體障礙者)，且因四肢癱瘓以致無法操作一般滑鼠功能者。
(二)申請電腦輔具-眼控滑鼠(項次107)者，經評估後確定電腦輔具其他項次(項次103至106)無法使用，並能以穩定眼球動作操作滑鼠者，同時具有基本認知功能，如辨識符號、圖片等， 始得申請。"
108,溝通或電腦輔具用支撐固定器,5000,5,甲、乙、丁類,,,(一)第七類：【b710a】、【b710b】、【b730a】、【b730b】、【b735】、【b765】、【s730】、【s750】、【s760】或【05】重度以上(重度以上肢體障礙者)，且因四肢癱瘓以致無法操作一般滑鼠功能者。
109,語音血壓計,2000,3,不需評估,,"補助對象： 應符合下列所有條件：
(一) 第二類：【b210 】、【s220 】或【01】。(視覺障礙者)
(二)具獨立操作能力。","補助對象： 應符合下列所有條件：
(一) 第二類：【b210】、【s220】或【01】。(視覺障礙者)
(二)具獨立操作能力。"
110,直立式站立架,15000,5,甲類,,"須提供固定綁帶及下列配件或功能至少3項：
1.桌板。
2.胸部側支撐墊。
3.骨盆側支撐墊。
4.兩側膝部支撐配件可獨立調整。
5.足部固定配件。",
111,前趴式站立架,1000,5,甲類,,"須為可無段或多段調整前趴角度之站立架，並須提供固定綁帶、桌板及下列配件或功能至少3項：
1.胸部側支撐墊。
2.骨盆側支撐墊。
3.膝部分隔支撐墊。
4.足部固定配件。",
112,後仰式站立架或傾斜床-手動調整型,20000,5,甲類,,"須為可無段或多段調整後仰角度之站立架或傾斜床；手動調整型指手動方式調整後仰角度，電動調整型指電動方式調整後仰角度。並須提供固定綁帶及下列配件至少3項：
1.頭部側支撐墊。
2.胸部側支撐墊。
3.骨盆側支撐墊。
4.兩側膝部可分開固定。
5.足部固定配件。
6.踝關節角度可調整功能。
7.手部抓握桿或支撐桌面。",
113,後仰式站立架或傾斜床-電動調整型,25000,5,甲類,,"須為可無段或多段調整後仰角度之站立架或傾斜床；手動調整型指手動方式調整後仰角度，電動調整型指電動方式調整後仰角度。並須提供固定綁帶及下列配件至少3項：
1.頭部側支撐墊。
2.胸部側支撐墊。
3.骨盆側支撐墊。
4.兩側膝部可分開固定。
5.足部固定配件。
6.踝關節角度可調整功能。
7.手部抓握桿或支撐桌面。",
114,連通管氣囊輪椅座墊-基礎型,5000,2,甲類,,氣囊數量20顆以上，且氣囊高度2英吋(或5公分)以上，並具有壓力調節的功能,"補助對象：輪椅使用者，且符合下列條件之一：
(一)下半身皮膚感覺或運動機能喪失，容易產生壓傷(褥瘡)者。
(二)於坐姿相關受壓處已發生壓傷(褥瘡)者。"
115,連通管氣囊輪椅座墊-橡膠材質基礎型,8000,3,甲類,,"橡膠材質，氣囊
數量20顆以上，且氣囊高度2英吋(或5公分)以上，並具有壓力調節的功能。","補助對象：輪椅使用者，且符合下列條件之一：
(一)下半身皮膚感覺或運動機能喪失，容易產生壓傷(褥瘡)者。
(二)於坐姿相關受壓處已發生壓傷(褥瘡)者。"
116,連通管氣囊輪椅座墊-橡膠材質分區型,11000,3,甲類,,"橡膠材質，氣囊
數量20顆以上，且氣囊高度2英吋(或5公分)以上，並具有切換全區連通及分區壓力調節的功能。","補助對象：輪椅使用者，且符合下列條件之一：
(一)下半身皮膚感覺或運動機能喪失，容易產生壓傷(褥瘡)者。
(二)於坐姿相關受壓處已發生壓傷(褥瘡)者。"
117,液態凝膠輪椅座墊,8000,2,甲類,,"1.凝膠覆蓋面積不得小於座面1/2。
2.凝膠厚度應達2英吋(或5公分)以上；若凝膠厚度不足2英吋(或5公分)，則須大於1英吋( 或2.5 公分)，且搭配適形泡棉底座。","補助對象：輪椅使用者，且符合下列條件之一：
(一)下半身皮膚感覺或運動機能喪失，容易產生壓傷(褥瘡)者。
(二)於坐姿相關受壓處已發生壓傷(褥瘡)者。"
118,固態凝膠輪椅座墊,8000,5,甲類,,"1.凝膠覆蓋面積不得小於座面1/2。
2.凝膠厚度應達1英吋(或2.5公分)以上，且搭配適形泡棉底座。
3.凝膠應為連續性覆蓋材質。","補助對象：輪椅使用者，且符合下列條件之一：
(一)下半身皮膚感覺或運動機能喪失，容易產生壓傷(褥瘡)者。
(二)於坐姿相關受壓處已發生壓傷(褥瘡)者。"
119,填充式氣囊輪椅座墊,10000,5,甲類,,其高度須大於2英吋(或5公分)，且填充式氣囊填充體積不得小於座墊2/3，並具有4區塊以上分區壓力調節的功能。,"補助對象：輪椅使用者，且符合下列條件之一：
(一)下半身皮膚感覺或運動機能喪失，容易產生壓傷(褥瘡)者。
(二)於坐姿相關受壓處已發生壓傷(褥瘡)者。"
120,客製化適形泡棉輪椅座墊,8000,3,甲類,,"1.以座面適形提供臀部及大腿內、外側支撐設計，並可利用配件或訂製方式分區設定座面支撐度。
2.厚度：坐骨受壓處應具4公分以上之適形泡棉。
3.含2種以上不同密度之複合式泡棉設計。
4.各層密度：60公斤/立方公尺以上。","補助對象：輪椅使用者，且符合下列條件之一：
(一)下半身皮膚感覺或運動機能喪失，容易產生壓傷(褥瘡)者。
(二)於坐姿相關受壓處已發生壓傷(褥瘡)者。"
121,氣墊床-基礎型,10000,3,甲類,,"1.應含18管以上具可交替充氣功能之電動空氣幫浦及管狀氣囊組。
2.管狀氣囊之管徑4英吋(或10公分)以上，並含有異常壓力警示及可暫停交替之開關。
3.管狀氣囊之材質：「PU 聚氨酯(Polyurethane)」或「PU 聚氨酯(Polyurethane)+尼龍(Nylon)」。
4.管狀氣囊之壓力流量每分鐘4公升(4L/Min)以上。
5.配有C.P.R.快速洩氣閥。","補助對象：應符合下列條件之一:
(一)肢體癱瘓無法翻身且無法自行坐起者。
(二)於臥姿相關受壓處皮膚已有壓傷(褥瘡)者。"
122,氣墊床-進階型,14000,3,甲類,,"應符合氣墊床-基礎型(項次121)所有規格，及停電時須維持4小時以上之不觸底管狀氣囊之壓力保留功能(指具獨立氣室或可持續供電之內建電池)，並具備1種以上之下列功能：
1.具有模擬30度之翻身功能，管狀氣囊為2層管，並有側邊護欄安全設計。
2.管狀氣囊周邊加裝利於坐姿移位之邊框。
3.具有壓力感應之數位幫浦啟停控制系統。
4.管狀氣囊總高度達8英吋(或20公分)以上。","補助對象：應符合下列條件之一:
(一)肢體癱瘓無法翻身且無法自行坐起者。
(二)於臥姿相關受壓處皮膚已有壓傷(褥瘡)者。"
123,居家用照顧床,9000,5,甲類,,,補助對象：肢體功能受限而翻身或坐起困難者。
124,照顧床附加功能-床板靠背段及腿段獨立抬升功能(電動),3000,5,甲類,,,補助對象：肢體功能受限而翻身或坐起困難者。
125,照顧床附加功能-床板高度調整功能(手動),4000,5,甲類,,,補助對象：肢體功能受限而翻身或坐起困難者。
126,照顧床附加功能-床板高度調整功能(電動),6000,5,甲類,,,補助對象：肢體功能受限而翻身或坐起困難者。
127,照顧床附加功能-床板高度調整功能(高升降行程電動),9000,5,甲類,,,補助對象：肢體功能受限而翻身或坐起困難者。
128,擺位椅-基礎型,4000,3,甲類,,,"補助對象：應符合下列所有條件：
(一)第七類：【b710a】、【b710b】、【b730a】、【b730b】、【b735】、【b765】、【s730】、【s750】、【s760】或【05】中度以上。(中度以上肢體障礙者)
(二)12歲以下。"
129,擺位椅-調整型,8000,3,甲類,,,"補助對象：應符合下列所有條件：
(一)第七類：【b710a】、【b710b】、【b730a】、【b730b】、【b735】、【b765】、【s730】、【s750】、【s760】或【05】中度以上。(中度以上肢體障礙者)
(二)12歲以下。"
130,擺位椅-進階調整型,15000,5,甲類,,,"補助對象：應符合下列所有條件：
(一)第七類：【b710a】、【b710b】、【b730a】、【b730b】、【b735】、【b765】、【s730】、【s750】、【s760】或【05】中度以上。(中度以上肢體障礙者)
(二)12歲以下。"
131,升降桌,6000,5,甲、丁類,,,補助對象：第七類：【b710a】、【b710b】、【b730a】、【b730b】、【b735】、【b765】、【s730】、【s750】、【s760】或【05】重度以上。(重度以上肢體障礙者)
132,居家無障礙輔具-爬梯機,80000,10,甲、丁類,,,"補助對象：無法自行上下樓梯
者，且應符合下列條件之一：
(一)第一類：【b110.4】或【09】。(植物人)
(二)第二類：【b235】或【03】。(平衡機能障礙者)
(三)第七類：【b710a】、【b710b】、【b730a】、【b730b】、【b735】、【b765】、【s730】、【s750】、【s760】或【05】。(肢體障礙者)"
133,居家無障礙修繕-軌道式樓梯升降機,80000,10,甲、丁類,,,"補助對象：無法自行上下樓梯
者，且應符合下列條件之一：
(一)第一類：【b110.4】或【09】。(植物人)
(二)第二類：【b235】或【03】。(平衡機能障礙者)
(三)第七類：【b710a】、【b710b】、【b730a】、【b730b】、【b735】、【b765】、【s730】、【s750】、【s760】或【05】。(肢體障礙者)"
134,居家無障礙修繕-固定式動力垂直升降平台,80000,10,甲、丁類,,,"補助對象：無法自行上下樓梯
者，且應符合下列條件之一：
(一)第一類：【b110.4】或【09】。(植物人)
(二)第二類：【b235】或【03】。(平衡機能障礙者)
(三)第七類：【b710a】、【b710b】、【b730a】、【b730b】、【b735】、【b765】、【s730】、【s750】、【s760】或【05】。(肢體障礙者)"
135,居家無障礙修繕-門簡易型(單處),7000,10,甲、丁、戊類,,,
136,居家無障礙修繕-門進階型(單處),10000,10,甲、丁、戊類,,,
137,居家無障礙修繕-固定式扶手(每10公分),160,10,甲、丁、戊類,,,
138,居家無障礙修繕-可動式扶手(單支),3600,10,甲、丁、戊類,,,
139,居家無障礙修繕-截水槽(單處),6000,10,甲、丁、戊類,,,
140,居家無障礙修繕-改善高低差10公分以下(單處),3500,10,甲、丁、戊類,,,
141,居家無障礙修繕-改善高低差20公分以下(單處),5000,10,甲、丁、戊類,,,
142,居家無障礙修繕-改善高低差30公分以下(單處),7000,10,甲、丁、戊類,,,
143,居家無障礙修繕-改善高低差超過30公分(單處),10000,10,甲、丁、戊類,,,
144,居家無障礙修繕-水龍頭(新增、改換),3000,10,甲、丁、戊類,,,
145,居家無障礙修繕-防滑地磚(單處),6000,10,甲、丁、戊類,,,
146,居家無障礙修繕-改善浴缸(新增、改換、移除),7000,10,甲、丁、戊類,,,
147,居家無障礙修繕-改善洗臉台(新增、改換、移除),3000,10,甲、丁、戊類,,,
148,居家無障礙修繕-改善馬桶(新增、改換、移除),5000,10,甲、丁、戊類,,,
149,居家無障礙修繕-馬桶背靠(單處),2000,10,甲、丁、戊類,,,
150,居家無障礙修繕-改善流理台(新增、改換),15000,10,甲、丁、戊類,,,
151,居家無障礙修繕-改善抽油煙機(位置調整),1000,10,甲、丁、戊類,,,
152,居家無障礙修繕-隔間(每平方公尺),800,10,甲、丁、戊類,,,
153,居家無障礙修繕-壁掛式淋浴台(單處),5000,10,甲、丁、戊類,,,
154,居家無障礙輔具-門檻斜角(單側),100,10,甲、丁、戊類,,,
155,居家無障礙輔具-非固定式斜坡板(未達90公分),3500,10,甲、丁、戊類,,,
156,居家無障礙輔具-非固定式斜坡板(90公分以上),5000,10,甲、丁、戊類,,,
157,居家無障礙輔具-非固定式斜坡板(120公分以上),7000,10,甲、丁、戊類,,,
158,居家無障礙輔具-非固定式斜坡板(150公分以上),10000,10,甲、丁、戊類,,,
159,居家無障礙輔具-防滑措施(單處),2000,3,甲、丁、戊類,,,
160,居家無障礙輔具-反光貼條或消光處理(單處),2000,3,甲、丁、戊類,,,
161,居家無障礙輔具-馬桶扶手(單處),900,10,甲、丁、戊類,,,
162,居家無障礙輔具-床邊扶手(單處),1000,10,甲、丁、戊類,,,
163,移動式身體清洗槽-局部型 (項次 163),1200,3,甲、丁類,,,
164,移動式身體清洗槽-全身型 (項次 164),5000,3,甲、丁類,,,
165,頭護具,600,2,不需評估,,,
166,馬桶增高器,800,3,不需評估,,,
167,沐浴椅(一般型),900,3,不需評估,,,
168,便盆椅(一般型),1200,3,不需評估,,,
169,沐浴椅或便盆椅附加功能-附輪,1000,3,不需評估,,,
170,沐浴椅或便盆椅附加功能-具利於移位之扶手,1000,3,甲類,,,
171,沐浴椅或便盆椅附加功能-具仰躺功能,1500,3,甲類,,,
172,沐浴椅或便盆椅附加功能-具空中傾倒功能,3500,3,甲類,,,
173,語音體溫計,1800,3,不需評估,,,"(一) 第二類：【b210】、【s220】或【01】。(視覺障礙者)
(二)具獨立操作能力。"
174,語音體重計,1000,3,不需評估,,,"(一) 第二類：【b210】、【s220】或【01】。(視覺障礙者)
(二)具獨立操作能力。"
175,衣著用輔具,500,3,不需評估,,,補助對象：身心障礙者。
176,飲食用輔具,500,3,不需評估,,,補助對象：身心障礙者。
177,居家用輔具,500,3,不需評估,,,補助對象：身心障礙者。
178,物品裝置與處理輔具,500,3,不需評估,,,補助對象：身心障礙者。
179,藥品處理輔具,500,3,不需評估,,,補助對象：身心障礙者。
180,部分手義肢,10000,2,甲類,,,"補助對象：應符合下列所有條件：
(一)第七類：【b710a】、【b710b】、【b730a】、【b730b】、【b735】、【b765】、【s730】、【s750】、【s760】或【05】。(肢體障礙者)
(二)18歲以上。"
181,腕離斷義肢-美觀型,14000,4,甲類,,,"補助對象：應符合下列所有條件：
(一)第七類：【b710a】、【b710b】、【b730a】、【b730b】、【b735】、【b765】、【s730】、【s750】、【s760】或【05】。(肢體障礙者)
(二)18歲以上。"
182,腕離斷義肢-功能型,42000,4,甲類,,,"補助對象：應符合下列所有條件：
(一)第七類：【b710a】、【b710b】、【b730a】、【b730b】、【b735】、【b765】、【s730】、【s750】、【s760】或【05】。(肢體障礙者)
(二)18歲以上。"
183,肘下義肢-美觀型,35000,4,甲類,,,"補助對象：應符合下列所有條件：
(一)第七類：【b710a】、【b710b】、【b730a】、【b730b】、【b735】、【b765】、【s730】、【s750】、【s760】或【05】。(肢體障礙者)
(二)18歲以上。"
184,肘下義肢-功能型,45000,4,甲類,,,"補助對象：應符合下列所有條件：
(一)第七類：【b710a】、【b710b】、【b730a】、【b730b】、【b735】、【b765】、【s730】、【s750】、【s760】或【05】。(肢體障礙者)
(二)18歲以上。"
185,肘離斷義肢-美觀型,55000,4,甲類,,,"補助對象：應符合下列所有條件：
(一)第七類：【b710a】、【b710b】、【b730a】、【b730b】、【b735】、【b765】、【s730】、【s750】、【s760】或【05】。(肢體障礙者)
(二)18歲以上。"
186,肘離斷義肢-功能型,65000,4,甲類,,,"補助對象：應符合下列所有條件：
(一)第七類：【b710a】、【b710b】、【b730a】、【b730b】、【b735】、【b765】、【s730】、【s750】、【s760】或【05】。(肢體障礙者)
(二)18歲以上。"
187,肘上義肢-美觀型,55000,4,甲類,,,"補助對象：應符合下列所有條件：
(一)第七類：【b710a】、【b710b】、【b730a】、【b730b】、【b735】、【b765】、【s730】、【s750】、【s760】或【05】。(肢體障礙者)
(二)18歲以上。"
188,肘上義肢-功能型,65000,4,甲類,,,"補助對象：應符合下列所有條件：
(一)第七類：【b710a】、【b710b】、【b730a】、【b730b】、【b735】、【b765】、【s730】、【s750】、【s760】或【05】。(肢體障礙者)
(二)18歲以上。"
189,肩離斷義肢-美觀型,65000,4,甲類,,,"補助對象：應符合下列所有條件：
(一)第七類：【b710a】、【b710b】、【b730a】、【b730b】、【b735】、【b765】、【s730】、【s750】、【s760】或【05】。(肢體障礙者)
(二)18歲以上。"
190,肩離斷義肢-功能型,75000,4,甲類,,,"補助對象：應符合下列所有條件：
(一)第七類：【b710a】、【b710b】、【b730a】、【b730b】、【b735】、【b765】、【s730】、【s750】、【s760】或【05】。(肢體障礙者)
(二)18歲以上。"
191,肩胛骨離斷義肢,70000,4,甲類,,,"補助對象：應符合下列所有條件：
(一)第七類：【b710a】、【b710b】、【b730a】、【b730b】、【b735】、【b765】、【s730】、【s750】、【s760】或【05】。(肢體障礙者)
(二)18歲以上。"
192,部分足義肢-基礎型,7000,2,甲類,,,"補助對象：應符合下列所有條件：
(一)第七類：【b710a】、【b710b】、【b730a】、【b730b】、【b735】、【b765】、【s730】、【s750】、【s760】或【05】。(肢體障礙者)
(二)18歲以上。"
193,部分足義肢-功能型,15000,2,甲類,,,"補助對象：應符合下列所有條件：
(一)第七類：【b710a】、【b710b】、【b730a】、【b730b】、【b735】、【b765】、【s730】、【s750】、【s760】或【05】。(肢體障礙者)
(二)18歲以上。
(三)申請部分足義肢-功能型(項次193)，須為全部腳趾截除之截肢者。"
194,踝離斷義肢,40000,6,甲類,,,"補助對象：應符合下列所有條件：
(一)第七類：【b710a】、【b710b】、【b730a】、【b730b】、【b735】、【b765】、【s730】、【s750】、【s760】或【05】。(肢體障礙者)
(二)18歲以上。"
195,膝下義肢,40000,6,甲類,,,"補助對象：應符合下列所有條件：
(一)第七類：【b710a】、【b710b】、【b730a】、【b730b】、【b735】、【b765】、【s730】、【s750】、【s760】或【05】。(肢體障礙者)
(二)18歲以上。"
196,膝離斷義肢,60000,7,甲類,,,"補助對象：應符合下列所有條件：
(一)第七類：【b710a】、【b710b】、【b730a】、【b730b】、【b735】、【b765】、【s730】、【s750】、【s760】或【05】。(肢體障礙者)
(二)18歲以上。"
197,膝上義肢,60000,7,甲類,,,"補助對象：應符合下列所有條件：
(一)第七類：【b710a】、【b710b】、【b730a】、【b730b】、【b735】、【b765】、【s730】、【s750】、【s760】或【05】。(肢體障礙者)
(二)18歲以上。"
198,髖離斷義肢,70000,7,甲類,,,"補助對象：應符合下列所有條件：
(一)第七類：【b710a】、【b710b】、【b730a】、【b730b】、【b735】、【b765】、【s730】、【s750】、【s760】或【05】。(肢體障礙者)
(二)18歲以上。"
199,半骨盆切除義肢,70000,7,甲類,,,"補助對象：應符合下列所有條件：
(一)第七類：【b710a】、【b710b】、【b730a】、【b730b】、【b735】、【b765】、【s730】、【s750】、【s760】或【05】。(肢體障礙者)
(二)18歲以上。"
200,義肢組件更換-義肢手套,8000,2,甲類,,,"補助對象：應符合下列所有條件：
(一)第七類：【b710a】、【b710b】、【b730a】、【b730b】、【b735】、【b765】、【s730】、【s750】、【s760】或【05】。(肢體障礙者)
(二)18歲以上。"
201,義肢組件更換-手部裝置,10000,2,甲類,,,"補助對象：應符合下列所有條件：
(一)第七類：【b710a】、【b710b】、【b730a】、【b730b】、【b735】、【b765】、【s730】、【s750】、【s760】或【05】。(肢體障礙者)
(二)18歲以上。"
202,義肢組件更換-義肢腳套,4500,2,甲類,,,"補助對象：應符合下列所有條件：
(一)第七類：【b710a】、【b710b】、【b730a】、【b730b】、【b735】、【b765】、【s730】、【s750】、【s760】或【05】。(肢體障礙者)
(二)18歲以上。"
203,義肢組件更換-義肢腳掌組(基礎型),4500,2,甲類,,,"補助對象：應符合下列所有條件：
(一)第七類：【b710a】、【b710b】、【b730a】、【b730b】、【b735】、【b765】、【s730】、【s750】、【s760】或【05】。(肢體障礙者)
(二)18歲以上。"
204,義肢組件更換-義肢腳掌組(進階型),8000,2,甲類,,,"補助對象：應符合下列所有條件：
(一)第七類：【b710a】、【b710b】、【b730a】、【b730b】、【b735】、【b765】、【s730】、【s750】、【s760】或【05】。(肢體障礙者)
(二)18歲以上。"
205,義肢組件更換-膝關節,15000,3,甲類,,,"補助對象：應符合下列所有條件：
(一)第七類：【b710a】、【b710b】、【b730a】、【b730b】、【b735】、【b765】、【s730】、【s750】、【s760】或【05】。(肢體障礙者)
(二)18歲以上。"
206,義肢組件更換-髖關節,10000,3,甲類,,,"補助對象：應符合下列所有條件：
(一)第七類：【b710a】、【b710b】、【b730a】、【b730b】、【b735】、【b765】、【s730】、【s750】、【s760】或【05】。(肢體障礙者)
(二)18歲以上。"
207,義肢組件更換(踝離斷或膝下)-硬式承筒或凝膠軟套,10000,2,甲類,,,"補助對象：應符合下列所有條件：
(一)第七類：【b710a】、【b710b】、【b730a】、【b730b】、【b735】、【b765】、【s730】、【s750】、【s760】或【05】。(肢體障礙者)
(二)18歲以上。"
208,義肢組件更換(膝離斷或膝上)-硬式承筒或凝膠軟套,15000,2,甲類,,,"補助對象：應符合下列所有條件：
(一)第七類：【b710a】、【b710b】、【b730a】、【b730b】、【b735】、【b765】、【s730】、【s750】、【s760】或【05】。(肢體障礙者)
(二)18歲以上。"
209,義肢組件更換(髖離斷或半骨盆切除)-硬式承筒,15000,2,甲類,,,"補助對象：應符合下列所有條件：
(一)第七類：【b710a】、【b710b】、【b730a】、【b730b】、【b735】、【b765】、【s730】、【s750】、【s760】或【05】。(肢體障礙者)
(二)18歲以上。"
210,義肢組件更換(踝離斷或膝下)-美觀泡棉,4000,2,甲類,,,"補助對象：應符合下列所有條件：
(一)第七類：【b710a】、【b710b】、【b730a】、【b730b】、【b735】、【b765】、【s730】、【s750】、【s760】或【05】。(肢體障礙者)
(二)18歲以上。"
211,義肢組件更換(膝離斷或膝上)-美觀泡棉,6000,2,甲類,,,"補助對象：應符合下列所有條件：
(一)第七類：【b710a】、【b710b】、【b730a】、【b730b】、【b735】、【b765】、【s730】、【s750】、【s760】或【05】。(肢體障礙者)
(二)18歲以上。"
212,義肢組件更換(髖離斷或半骨盆切除)-美觀泡棉,6000,2,甲類,,,"補助對象：應符合下列所有條件：
(一)第七類：【b710a】、【b710b】、【b730a】、【b730b】、【b735】、【b765】、【s730】、【s750】、【s760】或【05】。(肢體障礙者)
(二)18歲以上。"
213,踝足矯具-踝上矯具型,3000,3,甲類,,,"補助對象：
(一)第七類：【b710a】、【b710b】、【b730a】、【b730b】、【b735】、【b765】、【s730】、【s750】、【s760】或【05】。(肢體障礙者)"
214,踝足矯具-固定型或金屬支架型,3500,3,甲類,,,"補助對象：
(一)第七類：【b710a】、【b710b】、【b730a】、【b730b】、【b735】、【b765】、【s730】、【s750】、【s760】或【05】。(肢體障礙者)"
215,踝足矯具-關節型,4000,3,甲類,,,"補助對象：
(一)第七類：【b710a】、【b710b】、【b730a】、【b730b】、【b735】、【b765】、【s730】、【s750】、【s760】或【05】。(肢體障礙者)"
216,膝踝足矯具,10000,3,甲類,,,"補助對象：
(一)第七類：【b710a】、【b710b】、【b730a】、【b730b】、【b735】、【b765】、【s730】、【s750】、【s760】或【05】。(肢體障礙者)"
217,髖膝踝足矯具,12000,3,甲類,,,"補助對象：
(一)第七類：【b710a】、【b710b】、【b730a】、【b730b】、【b735】、【b765】、【s730】、【s750】、【s760】或【05】。(肢體障礙者)"
218,下肢矯具配件-鞋具(托足鞋型),1500,3,甲類,,,"補助對象：
(一)第七類：【b710a】、【b710b】、【b730a】、【b730b】、【b735】、【b765】、【s730】、【s750】、【s760】或【05】。(肢體障礙者)"
219,下肢矯具配件-鞋具(皮鞋型),4000,3,甲類,,,"補助對象：
(一)第七類：【b710a】、【b710b】、【b730a】、【b730b】、【b735】、【b765】、【s730】、【s750】、【s760】或【05】。(肢體障礙者)"
220,肘矯具,1000,3,甲類,,,"補助對象：
(一)第七類：【b710a】、【b710b】、【b730a】、【b730b】、【b735】、【b765】、【s730】、【s750】、【s760】或【05】。(肢體障礙者)"
221,膝矯具,1500,3,甲類,,,"補助對象：
(一)第七類：【b710a】、【b710b】、【b730a】、【b730b】、【b735】、【b765】、【s730】、【s750】、【s760】或【05】。(肢體障礙者)"
222,髖矯具,6000,5,甲類,,,"補助對象：
(一)第七類：【b710a】、【b710b】、【b730a】、【b730b】、【b735】、【b765】、【s730】、【s750】、【s760】或【05】。(肢體障礙者)"
223,脊柱矯具-支持性背架(基礎型),4000,5,甲類,,,"補助對象：
(一)第七類：【b710a】、【b710b】、【b730a】、【b730b】、【b735】、【b765】、【s730】、【s750】、【s760】或【05】。(肢體障礙者)"
224,脊柱矯具-支持性背架(量身訂製型),10000,5,甲類,,,"補助對象：
(一)第七類：【b710a】、【b710b】、【b730a】、【b730b】、【b735】、【b765】、【s730】、【s750】、【s760】或【05】。(肢體障礙者)"
225,脊柱矯具-脊柱側彎矯正背架,15000,5,甲類,,,"補助對象：
(一)第七類：【b710a】、【b710b】、【b730a】、【b730b】、【b735】、【b765】、【s730】、【s750】、【s760】或【05】。(肢體障礙者)
(二)申請脊柱矯具-脊柱側彎矯正背架(項次225)者，其年齡須為25歲以下，另限制脊柱側彎診斷為20度以上。"
226,量身訂製特製鞋-楦頭修改(單腳),5000,2,甲類,,,"補助對象：應符合下列所有條件：
(一)第七類：【b710a】、【b710b】、【b730a】、【b730b】、【b735】、【b765】、【s730】、【s750】、【s760】或【05】(肢體障礙者)，且經輔具輔助下能獨立步行者。
(二)先天性或後天疾病造成足部關節構造明顯異常者，若無法判定足部關節構造明顯異常者，須出示經骨科、復健科或免疫風濕專科醫師根據放射影像開立構造性足關節嚴重變形之診斷證明書。
(三)市售鞋款無法滿足其合腳需求，而須量腳或取模製作者。"
227,量身訂製特製鞋-楦頭修改(雙腳),6000,2,甲類,,,"補助對象：應符合下列所有條件：
(一)第七類：【b710a】、【b710b】、【b730a】、【b730b】、【b735】、【b765】、【s730】、【s750】、【s760】或【05】(肢體障礙者)，且經輔具輔助下能獨立步行者。
(二)先天性或後天疾病造成足部關節構造明顯異常者，若無法判定足部關節構造明顯異常者，須出示經骨科、復健科或免疫風濕專科醫師根據放射影像開立構造性足關節嚴重變形之診斷證明書。
(三)市售鞋款無法滿足其合腳需求，而須量腳或取模製作者。"
228,量身訂製特製鞋-新製開楦(單腳),12000,2,甲類,,,"補助對象：應符合下列所有條件：
(一)第七類：【b710a】、【b710b】、【b730a】、【b730b】、【b735】、【b765】、【s730】、【s750】、【s760】或【05】(肢體障礙者)，且經輔具輔助下能獨立步行者。
(二)先天性或後天疾病造成足部關節構造明顯異常者，若無法判定足部關節構造明顯異常者，須出示經骨科、復健科或免疫風濕專科醫師根據放射影像開立構造性足關節嚴重變形之診斷證明書。
(三)市售鞋款無法滿足其合腳需求，而須量腳或取模製作者。"
229,量身訂製特製鞋-新製開楦(雙腳),18000,2,甲類,,,"補助對象：應符合下列所有條件：
(一)第七類：【b710a】、【b710b】、【b730a】、【b730b】、【b735】、【b765】、【s730】、【s750】、【s760】或【05】(肢體障礙者)，且經輔具輔助下能獨立步行者。
(二)先天性或後天疾病造成足部關節構造明顯異常者，若無法判定足部關節構造明顯異常者，須出示經骨科、復健科或免疫風濕專科醫師根據放射影像開立構造性足關節嚴重變形之診斷證明書。
(三)市售鞋款無法滿足其合腳需求，而須量腳或取模製作者。"
230,透明壓力面膜-不含矽膠內層,16000,1,甲類,,,補助對象：第八類：【b810】、【s810】或【08】。(顏面損傷者)
231,透明壓力面膜-含矽膠內層,18000,1,甲類,,,補助對象：第八類：【b810】、【s810】或【08】。(顏面損傷者)
232,假髮,20000,4,甲類,,,"補助對象：應符合下列所有條件：
(一) 第八類：【b810】、【s810】或【08】。(顏面損傷者)
(二)因燒傷或外傷造成頭皮缺損而使頭髮無法重新生長者。"
233,義眼,10000,5,甲類,,,"補助對象：應符合下列條件之一：
(一) 第二類：【b210】、【s220】或【01】。(視覺障礙者)
(二) 第八類：【b810】、【s810】或【08】。(顏面損傷者)
(三)小耳症患者。"
234,義鼻,13000,3,甲類,,,"補助對象：應符合下列條件之一：
(一) 第二類：【b210】、【s220】或【01】。(視覺障礙者)
(二) 第八類：【b810】、【s810】或【08】。(顏面損傷者)
(三)小耳症患者。"
235,義耳,16000,3,甲類,,,"補助對象：應符合下列條件之一：
(一) 第二類：【b210】、【s220】或【01】。(視覺障礙者)
(二) 第八類：【b810】、【s810】或【08】。(顏面損傷者)
(三)小耳症患者。"
236,義顎,29000,3,甲類,,,"補助對象：應符合下列條件之一：
(一) 第二類：【b210】、【s220】或【01】。(視覺障礙者)
(二) 第八類：【b810】、【s810】或【08】。(顏面損傷者)
(三)小耳症患者。"
237,混和義臉-人造額片,13000,3,甲類,,,"補助對象：應符合下列條件之一：
(一) 第二類：【b210】、【s220】或【01】。(視覺障礙者)
(二) 第八類：【b810】、【s810】或【08】。(顏面損傷者)
(三)小耳症患者。"
238,混和義臉-人造頰片,13000,3,甲類,,,"補助對象：應符合下列條件之一：
(一) 第二類：【b210】、【s220】或【01】。(視覺障礙者)
(二) 第八類：【b810】、【s810】或【08】。(顏面損傷者)
(三)小耳症患者。"
239,混和義臉-人造眼窩,30000,3,甲類,,,"補助對象：應符合下列條件之一：
(一) 第二類：【b210】、【s220】或【01】。(視覺障礙者)
(二) 第八類：【b810】、【s810】或【08】。(顏面損傷者)
(三)小耳症患者。"
240,人工電子耳,600000,終生一次,乙、丙類及相關團隊,,,"補助對象：18 歲以上、未滿65歲，有口語能力(言語可懂度分級speech intelligibilityrating，SIR 3分以上)且個人未曾接受全民健康保險人工電子耳給付者之優耳聽力劣於90dB HL，且符合下列所有條件：
(一)感覺神經性聽力障礙病史在5年以內，或感覺神經性聽力障礙病史超過5年且持續配戴助聽器者；如因成效不佳中斷配戴助聽器，中斷期間不得超過5年。
(二)如屬先天性聽覺機能障礙者，經電腦斷層或核磁共振攝影確定至少具有1圈完整耳蝸存在且無其他手術禁忌者。"
241,人工電子耳語言處理設備更新,200000,10,乙、丙類及相關團隊,,,補助對象：裝置人工電子耳之聽覺機能障礙者，其原裝置之人工電子耳語言處理設備機型因原廠停產致無法繼續使用者。
242,人工電子耳配件,10000,2,乙、丙類及相關團隊,,,補助對象：裝置人工電子耳之聽覺機能障礙者，其原裝置之人工電子耳配件損耗致無法繼續使用者。
